<?xml version="1.0" encoding="UTF-8"?>
<config xmlns="http://www.knime.org/2008/09/XMLConfig" xmlns:xsi="http://www.w3.org/2001/XMLSchema-instance" xsi:schemaLocation="http://www.knime.org/2008/09/XMLConfig http://www.knime.org/XMLConfig_2008_09.xsd" key="model.xml">
<entry key="version" type="xint" value="1"/>
<entry key="class_name" type="xstring" value="org.knime.base.data.normalize.NormalizerPortObject"/>
<config key="model">
<config key="columns">
<config key="Age">
<entry key="column_name" type="xstring" value="Age"/>
<entry key="column_scale" type="xdouble" value="0.014084507042253521"/>
<entry key="column_translate" type="xdouble" value="-0.18309859154929578"/>
<entry key="column_min" type="xdouble" value="0.0"/>
<entry key="column_max" type="xdouble" value="1.0"/>
</config>
<config key="Number of sexual partners">
<entry key="column_name" type="xstring" value="Number of sexual partners"/>
<entry key="column_scale" type="xdouble" value="0.037037037037037035"/>
<entry key="column_translate" type="xdouble" value="-0.037037037037037035"/>
<entry key="column_min" type="xdouble" value="0.0"/>
<entry key="column_max" type="xdouble" value="1.0"/>
</config>
<config key="First sexual intercourse">
<entry key="column_name" type="xstring" value="First sexual intercourse"/>
<entry key="column_scale" type="xdouble" value="0.045454545454545456"/>
<entry key="column_translate" type="xdouble" value="-0.4545454545454546"/>
<entry key="column_min" type="xdouble" value="0.0"/>
<entry key="column_max" type="xdouble" value="1.0"/>
</config>
<config key="Num of pregnancies">
<entry key="column_name" type="xstring" value="Num of pregnancies"/>
<entry key="column_scale" type="xdouble" value="0.09090909090909091"/>
<entry key="column_translate" type="xdouble" value="0.0"/>
<entry key="column_min" type="xdouble" value="0.0"/>
<entry key="column_max" type="xdouble" value="1.0"/>
</config>
<config key="Smokes">
<entry key="column_name" type="xstring" value="Smokes"/>
<entry key="column_scale" type="xdouble" value="1.0"/>
<entry key="column_translate" type="xdouble" value="0.0"/>
<entry key="column_min" type="xdouble" value="0.0"/>
<entry key="column_max" type="xdouble" value="1.0"/>
</config>
<config key="Smokes (years)">
<entry key="column_name" type="xstring" value="Smokes (years)"/>
<entry key="column_scale" type="xdouble" value="0.02702702702702703"/>
<entry key="column_translate" type="xdouble" value="0.0"/>
<entry key="column_min" type="xdouble" value="0.0"/>
<entry key="column_max" type="xdouble" value="1.0"/>
</config>
<config key="Smokes (packs/year)">
<entry key="column_name" type="xstring" value="Smokes (packs/year)"/>
<entry key="column_scale" type="xdouble" value="0.02702702702702703"/>
<entry key="column_translate" type="xdouble" value="0.0"/>
<entry key="column_min" type="xdouble" value="0.0"/>
<entry key="column_max" type="xdouble" value="1.0"/>
</config>
<config key="Hormonal Contraceptives">
<entry key="column_name" type="xstring" value="Hormonal Contraceptives"/>
<entry key="column_scale" type="xdouble" value="1.0"/>
<entry key="column_translate" type="xdouble" value="0.0"/>
<entry key="column_min" type="xdouble" value="0.0"/>
<entry key="column_max" type="xdouble" value="1.0"/>
</config>
<config key="Hormonal Contraceptives (years)">
<entry key="column_name" type="xstring" value="Hormonal Contraceptives (years)"/>
<entry key="column_scale" type="xdouble" value="0.03333333333333333"/>
<entry key="column_translate" type="xdouble" value="0.0"/>
<entry key="column_min" type="xdouble" value="0.0"/>
<entry key="column_max" type="xdouble" value="1.0"/>
</config>
<config key="IUD">
<entry key="column_name" type="xstring" value="IUD"/>
<entry key="column_scale" type="xdouble" value="1.0"/>
<entry key="column_translate" type="xdouble" value="0.0"/>
<entry key="column_min" type="xdouble" value="0.0"/>
<entry key="column_max" type="xdouble" value="1.0"/>
</config>
<config key="IUD (years)">
<entry key="column_name" type="xstring" value="IUD (years)"/>
<entry key="column_scale" type="xdouble" value="0.05263157894736842"/>
<entry key="column_translate" type="xdouble" value="0.0"/>
<entry key="column_min" type="xdouble" value="0.0"/>
<entry key="column_max" type="xdouble" value="1.0"/>
</config>
<config key="STDs">
<entry key="column_name" type="xstring" value="STDs"/>
<entry key="column_scale" type="xdouble" value="1.0"/>
<entry key="column_translate" type="xdouble" value="0.0"/>
<entry key="column_min" type="xdouble" value="0.0"/>
<entry key="column_max" type="xdouble" value="1.0"/>
</config>
<config key="STDs (number)">
<entry key="column_name" type="xstring" value="STDs (number)"/>
<entry key="column_scale" type="xdouble" value="0.25"/>
<entry key="column_translate" type="xdouble" value="0.0"/>
<entry key="column_min" type="xdouble" value="0.0"/>
<entry key="column_max" type="xdouble" value="1.0"/>
</config>
<config key="STDs:condylomatosis">
<entry key="column_name" type="xstring" value="STDs:condylomatosis"/>
<entry key="column_scale" type="xdouble" value="1.0"/>
<entry key="column_translate" type="xdouble" value="0.0"/>
<entry key="column_min" type="xdouble" value="0.0"/>
<entry key="column_max" type="xdouble" value="1.0"/>
</config>
<config key="STDs:cervical condylomatosis">
<entry key="column_name" type="xstring" value="STDs:cervical condylomatosis"/>
<entry key="column_scale" type="xdouble" value="1.0"/>
<entry key="column_translate" type="xdouble" value="0.0"/>
<entry key="column_min" type="xdouble" value="0.0"/>
<entry key="column_max" type="xdouble" value="1.0"/>
</config>
<config key="STDs:vaginal condylomatosis">
<entry key="column_name" type="xstring" value="STDs:vaginal condylomatosis"/>
<entry key="column_scale" type="xdouble" value="1.0"/>
<entry key="column_translate" type="xdouble" value="0.0"/>
<entry key="column_min" type="xdouble" value="0.0"/>
<entry key="column_max" type="xdouble" value="1.0"/>
</config>
<config key="STDs:vulvo-perineal condylomatosis">
<entry key="column_name" type="xstring" value="STDs:vulvo-perineal condylomatosis"/>
<entry key="column_scale" type="xdouble" value="1.0"/>
<entry key="column_translate" type="xdouble" value="0.0"/>
<entry key="column_min" type="xdouble" value="0.0"/>
<entry key="column_max" type="xdouble" value="1.0"/>
</config>
<config key="STDs:syphilis">
<entry key="column_name" type="xstring" value="STDs:syphilis"/>
<entry key="column_scale" type="xdouble" value="1.0"/>
<entry key="column_translate" type="xdouble" value="0.0"/>
<entry key="column_min" type="xdouble" value="0.0"/>
<entry key="column_max" type="xdouble" value="1.0"/>
</config>
<config key="STDs:pelvic inflammatory disease">
<entry key="column_name" type="xstring" value="STDs:pelvic inflammatory disease"/>
<entry key="column_scale" type="xdouble" value="1.0"/>
<entry key="column_translate" type="xdouble" value="0.0"/>
<entry key="column_min" type="xdouble" value="0.0"/>
<entry key="column_max" type="xdouble" value="1.0"/>
</config>
<config key="STDs:genital herpes">
<entry key="column_name" type="xstring" value="STDs:genital herpes"/>
<entry key="column_scale" type="xdouble" value="1.0"/>
<entry key="column_translate" type="xdouble" value="0.0"/>
<entry key="column_min" type="xdouble" value="0.0"/>
<entry key="column_max" type="xdouble" value="1.0"/>
</config>
<config key="STDs:molluscum contagiosum">
<entry key="column_name" type="xstring" value="STDs:molluscum contagiosum"/>
<entry key="column_scale" type="xdouble" value="1.0"/>
<entry key="column_translate" type="xdouble" value="0.0"/>
<entry key="column_min" type="xdouble" value="0.0"/>
<entry key="column_max" type="xdouble" value="1.0"/>
</config>
<config key="STDs:AIDS">
<entry key="column_name" type="xstring" value="STDs:AIDS"/>
<entry key="column_scale" type="xdouble" value="1.0"/>
<entry key="column_translate" type="xdouble" value="0.0"/>
<entry key="column_min" type="xdouble" value="0.0"/>
<entry key="column_max" type="xdouble" value="1.0"/>
</config>
<config key="STDs:HIV">
<entry key="column_name" type="xstring" value="STDs:HIV"/>
<entry key="column_scale" type="xdouble" value="1.0"/>
<entry key="column_translate" type="xdouble" value="0.0"/>
<entry key="column_min" type="xdouble" value="0.0"/>
<entry key="column_max" type="xdouble" value="1.0"/>
</config>
<config key="STDs:Hepatitis B">
<entry key="column_name" type="xstring" value="STDs:Hepatitis B"/>
<entry key="column_scale" type="xdouble" value="1.0"/>
<entry key="column_translate" type="xdouble" value="0.0"/>
<entry key="column_min" type="xdouble" value="0.0"/>
<entry key="column_max" type="xdouble" value="1.0"/>
</config>
<config key="STDs:HPV">
<entry key="column_name" type="xstring" value="STDs:HPV"/>
<entry key="column_scale" type="xdouble" value="1.0"/>
<entry key="column_translate" type="xdouble" value="0.0"/>
<entry key="column_min" type="xdouble" value="0.0"/>
<entry key="column_max" type="xdouble" value="1.0"/>
</config>
<config key="STDs: Number of diagnosis">
<entry key="column_name" type="xstring" value="STDs: Number of diagnosis"/>
<entry key="column_scale" type="xdouble" value="0.3333333333333333"/>
<entry key="column_translate" type="xdouble" value="0.0"/>
<entry key="column_min" type="xdouble" value="0.0"/>
<entry key="column_max" type="xdouble" value="1.0"/>
</config>
<config key="STDs: Time since first diagnosis">
<entry key="column_name" type="xstring" value="STDs: Time since first diagnosis"/>
<entry key="column_scale" type="xdouble" value="0.045454545454545456"/>
<entry key="column_translate" type="xdouble" value="0.0"/>
<entry key="column_min" type="xdouble" value="0.0"/>
<entry key="column_max" type="xdouble" value="1.0"/>
</config>
<config key="STDs: Time since last diagnosis">
<entry key="column_name" type="xstring" value="STDs: Time since last diagnosis"/>
<entry key="column_scale" type="xdouble" value="0.045454545454545456"/>
<entry key="column_translate" type="xdouble" value="0.0"/>
<entry key="column_min" type="xdouble" value="0.0"/>
<entry key="column_max" type="xdouble" value="1.0"/>
</config>
<config key="Dx:Cancer">
<entry key="column_name" type="xstring" value="Dx:Cancer"/>
<entry key="column_scale" type="xdouble" value="1.0"/>
<entry key="column_translate" type="xdouble" value="0.0"/>
<entry key="column_min" type="xdouble" value="0.0"/>
<entry key="column_max" type="xdouble" value="1.0"/>
</config>
<config key="Dx:CIN">
<entry key="column_name" type="xstring" value="Dx:CIN"/>
<entry key="column_scale" type="xdouble" value="1.0"/>
<entry key="column_translate" type="xdouble" value="0.0"/>
<entry key="column_min" type="xdouble" value="0.0"/>
<entry key="column_max" type="xdouble" value="1.0"/>
</config>
<config key="Dx:HPV">
<entry key="column_name" type="xstring" value="Dx:HPV"/>
<entry key="column_scale" type="xdouble" value="1.0"/>
<entry key="column_translate" type="xdouble" value="0.0"/>
<entry key="column_min" type="xdouble" value="0.0"/>
<entry key="column_max" type="xdouble" value="1.0"/>
</config>
<config key="Dx">
<entry key="column_name" type="xstring" value="Dx"/>
<entry key="column_scale" type="xdouble" value="1.0"/>
<entry key="column_translate" type="xdouble" value="0.0"/>
<entry key="column_min" type="xdouble" value="0.0"/>
<entry key="column_max" type="xdouble" value="1.0"/>
</config>
<config key="Hinselmann">
<entry key="column_name" type="xstring" value="Hinselmann"/>
<entry key="column_scale" type="xdouble" value="1.0"/>
<entry key="column_translate" type="xdouble" value="0.0"/>
<entry key="column_min" type="xdouble" value="0.0"/>
<entry key="column_max" type="xdouble" value="1.0"/>
</config>
<config key="Schiller">
<entry key="column_name" type="xstring" value="Schiller"/>
<entry key="column_scale" type="xdouble" value="1.0"/>
<entry key="column_translate" type="xdouble" value="0.0"/>
<entry key="column_min" type="xdouble" value="0.0"/>
<entry key="column_max" type="xdouble" value="1.0"/>
</config>
<config key="Citology">
<entry key="column_name" type="xstring" value="Citology"/>
<entry key="column_scale" type="xdouble" value="1.0"/>
<entry key="column_translate" type="xdouble" value="0.0"/>
<entry key="column_min" type="xdouble" value="0.0"/>
<entry key="column_max" type="xdouble" value="1.0"/>
</config>
</config>
<entry key="summary" type="xstring" value="Min/Max (0.0, 1) normalization on 35 column(s)"/>
</config>
</config>
